Label,sensor0,sensor1,sensor2,sensor3,sensor4,sensor5,sensor6,sensor7,sensor8,sensor9,sensor10,sensor11,sensor12,sensor13,sensor14,sensor15,sensor16,sensor17,sensor18,sensor19,sensor20,sensor21,sensor22,sensor23,sensor24,sensor25,sensor26,sensor27
good,0,11,4,72,0,0,14,28,187,0,0,0,0,117,0,0,0,0,0,0,0,92,95,79,5,1,0,0
good,0,11,6,82,0,0,13,28,188,0,0,0,0,91,0,0,0,0,0,0,0,105,102,108,11,7,0,0
good,0,12,5,86,0,0,13,29,195,0,0,0,0,104,0,0,0,0,0,0,0,105,104,114,2,1,0,0
good,0,12,4,90,0,0,15,29,192,0,0,0,0,106,0,0,0,0,0,0,0,105,105,117,2,0,0,0
good,0,14,6,91,0,0,13,30,192,0,0,0,0,106,0,0,0,0,0,0,0,104,104,108,5,1,0,0
good,0,14,9,91,0,0,15,30,189,0,0,0,0,100,0,0,0,0,0,0,0,104,104,113,5,6,0,0
good,0,12,4,88,0,0,13,30,193,0,0,0,0,115,0,0,0,0,0,0,0,105,105,119,12,5,0,0
good,0,11,5,90,0,0,14,30,193,0,0,0,0,117,0,0,0,0,0,0,0,105,106,120,13,4,0,0
good,0,11,4,90,0,0,14,30,193,0,0,0,0,117,0,0,0,0,0,0,0,106,107,121,12,7,0,0
good,0,11,5,90,0,0,14,29,194,0,0,0,0,120,0,0,0,0,0,0,0,105,107,125,13,7,0,0
good,0,12,6,90,0,0,16,29,194,0,0,0,0,120,0,0,0,0,0,0,0,107,108,126,12,7,0,0
good,0,12,5,89,0,0,16,29,195,0,0,0,0,121,0,0,0,0,0,0,0,107,108,127,12,7,0,0
good,0,11,5,89,0,0,15,29,196,0,0,0,0,122,0,0,0,0,0,0,0,108,108,125,0,7,0,0
good,0,11,4,89,0,0,16,30,197,0,0,0,0,123,0,0,0,0,0,0,0,108,109,126,0,8,0,0
good,0,11,5,88,0,0,16,30,197,0,0,0,0,125,0,0,0,0,0,0,0,109,109,126,12,7,0,0
good,0,12,7,90,0,0,17,28,197,0,0,0,0,118,0,0,0,0,0,0,0,107,107,122,12,8,0,0
good,0,12,5,90,0,0,17,30,197,0,0,0,0,118,0,0,0,0,0,0,0,108,107,123,12,8,0,0
good,0,12,5,90,0,0,16,30,197,0,0,0,0,117,0,0,0,0,0,0,0,107,107,121,12,7,0,0
good,0,12,5,90,0,0,16,28,197,0,0,0,0,118,0,0,0,0,0,0,0,108,107,123,11,7,0,0
good,0,13,5,91,0,0,17,29,198,0,0,0,0,116,0,0,0,0,0,0,0,108,108,124,12,7,0,0
good,0,13,6,91,0,0,17,28,198,0,0,0,0,117,0,0,0,0,0,0,0,110,107,124,15,8,0,0
good,0,13,5,92,0,0,18,30,199,0,0,0,0,116,0,0,0,0,0,0,0,108,108,124,12,9,0,0
good,0,13,5,91,0,0,18,30,199,0,0,0,0,117,0,0,0,0,0,0,0,108,108,125,12,7,0,0
good,0,11,6,92,0,0,18,30,199,0,0,0,0,116,0,0,0,0,0,0,0,107,108,123,11,9,0,0
good,0,13,7,92,0,0,18,29,199,0,0,0,0,115,0,0,0,0,0,0,0,108,107,125,11,9,1,0
good,0,13,7,92,0,0,17,30,199,0,0,0,0,117,0,0,0,0,0,0,0,108,108,125,11,9,1,0
good,0,10,6,90,0,0,16,29,198,0,0,0,0,122,0,0,0,0,0,0,0,108,109,127,11,9,1,0
good,0,12,6,89,0,0,16,29,198,0,0,0,0,123,0,0,0,0,0,0,0,109,109,126,11,9,0,0
good,0,12,5,90,0,0,17,30,198,0,0,0,0,123,0,0,0,0,0,0,0,108,108,127,11,9,1,0
good,0,11,7,95,0,0,14,28,198,0,0,0,0,75,0,0,0,0,0,0,0,107,107,124,11,9,1,0
good,0,12,7,95,0,0,15,29,198,0,0,0,0,77,0,0,0,0,0,0,0,107,106,125,12,9,1,0
good,0,12,7,95,0,0,15,28,198,0,0,0,0,79,0,0,0,0,0,0,0,108,106,126,12,10,1,0
good,0,12,7,94,0,0,15,28,199,0,0,0,0,81,0,0,0,0,0,0,0,108,107,127,11,10,1,0
good,0,11,5,96,0,0,14,27,199,0,0,0,0,87,0,0,0,0,0,0,0,108,107,129,12,10,1,0
good,0,11,6,93,0,0,15,26,199,0,0,0,0,89,0,0,0,0,0,0,0,109,108,137,12,11,1,0
good,0,10,6,93,0,0,16,30,198,0,0,0,0,96,0,0,0,0,0,0,0,108,107,128,13,8,0,0
good,0,11,6,92,0,0,17,27,199,0,0,0,0,101,0,0,0,0,0,0,0,108,107,127,11,10,1,0
good,0,11,5,91,0,0,17,27,200,0,0,0,0,104,0,0,0,0,0,0,0,109,108,131,0,10,2,0
good,0,12,5,91,0,0,16,28,200,0,0,0,0,106,0,0,0,0,0,0,0,109,108,128,11,10,1,0
good,0,12,6,92,0,0,17,27,200,0,0,0,0,107,0,0,0,0,0,0,0,109,108,132,12,10,1,0
good,0,12,4,94,0,0,18,27,199,0,0,0,0,100,0,0,0,0,0,0,0,109,108,132,11,12,2,0
good,0,12,6,93,0,0,17,28,199,0,0,0,0,101,0,0,0,0,0,0,0,109,108,133,11,10,1,0
good,0,12,7,93,0,0,17,27,200,0,0,0,0,102,0,0,0,0,0,0,0,110,109,134,12,10,2,0
good,0,13,8,93,0,0,17,26,200,0,0,0,0,105,0,0,0,0,0,0,0,110,109,133,11,11,2,0
good,0,12,8,93,0,0,17,26,201,0,0,0,0,106,0,0,0,0,0,0,0,110,109,134,11,11,1,0
good,0,12,7,93,0,0,17,27,201,0,0,0,0,106,0,0,0,0,0,0,0,110,109,134,11,10,2,0
good,0,14,7,93,0,0,17,27,201,0,0,0,0,107,0,0,0,0,0,0,0,109,109,133,12,10,2,1
good,0,12,8,93,0,0,17,27,201,0,0,0,0,107,0,0,0,0,0,0,0,110,109,133,12,11,1,0
good,0,12,6,94,0,0,17,27,200,0,0,0,0,105,0,0,0,0,0,0,0,110,109,137,5,3,0,0
good,0,12,6,95,0,0,17,27,199,0,0,0,0,98,0,0,0,0,0,0,0,110,108,136,5,3,0,0
good,0,12,7,96,0,0,17,27,202,0,0,0,0,102,0,0,0,0,0,0,0,109,108,129,4,3,0,0
good,0,13,7,97,0,0,17,27,202,0,0,0,0,101,0,0,0,0,0,0,0,109,108,130,4,3,2,0
good,0,12,6,96,0,0,17,27,202,0,0,0,0,102,0,0,0,0,0,0,0,109,108,129,11,11,2,0
good,0,12,8,96,0,0,17,27,203,0,0,0,0,102,0,0,0,0,0,0,0,109,108,131,12,11,2,0
good,0,12,8,96,0,0,18,27,203,0,0,0,0,106,0,0,0,0,0,0,0,109,108,130,11,11,2,0
good,0,12,8,95,0,0,18,28,203,0,0,0,0,106,0,0,0,0,0,0,0,109,108,129,11,8,2,0
good,0,13,7,95,0,0,18,28,203,0,0,0,0,106,0,0,0,0,0,0,0,109,108,129,11,10,2,0
good,0,14,8,94,0,0,19,30,205,0,0,0,0,106,0,0,0,0,0,0,0,109,108,129,11,10,2,0
good,0,13,8,94,0,0,17,28,203,0,0,0,0,107,0,0,0,0,0,0,0,109,108,129,10,10,2,0
good,0,14,7,94,0,0,17,27,202,0,0,0,0,104,0,0,0,0,0,0,0,109,109,135,11,10,2,0
good,0,12,8,95,0,0,17,26,201,0,0,0,0,101,0,0,0,0,0,0,0,109,109,133,11,10,2,0
good,0,13,8,94,0,0,17,27,202,0,0,0,0,101,0,0,0,0,0,0,0,109,109,132,11,10,0,0
good,0,12,8,95,0,0,17,26,201,0,0,0,0,92,0,0,0,0,0,0,0,109,108,134,4,3,0,0
good,0,12,9,95,0,0,17,27,201,0,0,0,0,99,0,0,0,0,0,0,0,109,108,135,4,3,0,0
good,0,12,9,96,0,0,16,26,200,0,0,0,0,76,0,0,0,0,0,0,0,109,108,135,5,4,0,0
good,0,13,8,97,0,0,17,27,201,0,0,0,0,87,0,0,0,0,0,0,0,110,108,137,5,10,1,0
good,0,13,8,94,0,0,17,28,201,0,0,0,0,97,0,0,0,0,0,0,0,110,109,139,10,10,3,0
good,0,12,7,94,0,0,17,26,200,0,0,0,0,99,0,0,0,0,0,0,0,110,108,139,10,9,3,0
good,0,9,1,76,0,0,16,23,194,0,0,0,0,81,0,0,0,0,0,0,0,113,102,91,8,7,0,0
good,0,9,3,85,0,0,16,25,183,0,0,0,0,52,0,0,0,0,0,0,0,110,106,79,0,7,2,0
good,0,8,4,87,0,0,18,25,185,0,0,0,0,37,0,0,0,0,0,0,0,109,105,81,0,9,0,0
good,0,8,3,88,0,0,17,26,181,0,0,0,0,39,0,0,0,0,0,0,0,109,106,80,0,9,0,0
good,0,8,4,90,0,0,17,26,182,0,0,0,0,39,0,0,0,0,0,0,0,110,107,78,0,9,0,0
good,0,9,4,90,0,0,18,26,186,0,0,0,0,47,0,0,0,0,0,0,0,112,108,86,0,9,0,0
good,0,9,4,90,0,0,19,28,191,0,0,0,0,47,0,0,0,0,0,0,0,112,108,77,0,9,0,0
good,0,8,5,90,0,0,19,29,192,0,0,0,0,47,0,0,0,0,0,0,0,112,108,79,0,9,0,0
good,0,9,5,90,0,0,18,29,193,0,0,0,0,48,0,0,0,0,0,0,0,112,109,79,0,9,0,0
good,0,7,5,90,0,0,19,29,195,0,0,0,0,49,0,0,0,0,0,0,0,112,109,79,0,9,1,0
good,0,10,6,90,0,0,19,28,197,0,0,0,0,52,0,0,0,0,0,0,0,110,109,78,0,9,1,0
good,0,10,5,91,0,0,19,29,195,0,0,0,0,54,0,0,0,0,0,0,0,110,109,80,0,9,1,0
good,0,9,6,90,0,0,19,28,195,0,0,1,0,59,0,0,0,0,0,0,0,110,109,80,0,9,1,0
good,0,9,4,91,0,0,19,29,196,0,0,0,0,58,0,0,0,0,0,0,0,112,109,79,0,9,1,0
good,0,11,6,91,0,0,19,29,196,0,0,0,0,60,0,0,0,0,0,0,0,112,110,81,0,9,1,0
good,0,12,7,91,0,0,19,28,196,0,0,0,0,62,0,0,0,2,0,0,0,112,110,80,0,9,1,0
good,0,12,6,91,0,0,19,29,199,0,0,0,0,65,0,0,0,0,0,0,0,113,111,80,0,10,1,0
good,0,12,6,90,0,0,19,30,199,0,0,0,0,67,0,0,0,0,0,0,0,114,111,80,0,9,1,0
good,0,12,7,91,0,0,19,28,197,0,0,0,0,67,0,0,0,1,0,0,0,113,111,79,0,9,1,0
good,0,12,6,90,0,0,19,29,198,0,0,0,0,70,0,0,0,0,0,0,0,114,111,80,0,9,1,0
good,0,10,5,90,0,0,19,30,198,0,0,0,0,77,0,0,0,0,0,0,0,113,112,82,0,10,2,0
good,0,11,6,90,0,0,19,29,197,0,0,0,0,76,0,0,0,0,0,0,0,112,111,81,0,9,0,0
good,0,12,6,91,0,0,20,29,197,0,0,0,0,71,0,0,0,0,0,0,0,114,112,84,0,9,1,0
good,0,12,6,91,0,0,19,29,198,0,0,0,0,72,0,0,0,0,0,0,0,114,112,83,0,9,1,0
good,0,11,6,91,0,0,19,29,197,0,0,0,0,73,0,0,0,0,0,0,0,114,111,81,0,9,1,0
good,0,12,6,91,0,0,20,30,198,0,0,0,0,76,0,0,0,0,0,0,0,114,112,82,0,9,1,0
good,0,12,6,91,0,0,19,29,198,0,0,0,0,77,0,0,0,0,0,0,0,114,112,82,0,10,2,0
good,0,11,6,91,0,0,20,30,198,0,0,0,0,78,0,0,0,0,0,0,0,115,112,82,0,9,1,0
good,0,12,6,90,0,0,19,29,199,0,0,0,0,82,0,0,0,0,0,0,0,115,112,82,0,9,1,0
good,0,13,6,90,0,0,20,29,198,0,0,0,0,84,0,0,0,0,0,0,0,115,112,83,0,8,3,0
good,0,12,6,91,0,0,20,30,198,0,0,0,0,85,0,0,0,0,0,0,0,115,114,84,0,10,2,0
good,0,12,6,90,0,0,19,28,197,0,0,0,0,85,0,0,0,0,0,0,0,115,113,83,9,10,1,0
good,0,11,6,88,0,0,19,27,191,0,0,0,0,76,0,0,0,0,0,0,0,114,112,76,0,9,2,0
good,0,6,0,83,0,0,20,32,189,0,0,0,0,110,0,0,0,0,0,0,0,124,125,149,0,8,1,0
good,0,6,4,87,0,0,21,32,193,0,0,0,0,84,0,0,0,0,0,0,0,124,123,143,0,9,1,0
good,0,9,2,88,0,0,21,32,192,0,0,0,0,99,0,0,0,0,0,0,0,124,123,140,0,10,2,0
good,0,9,4,88,0,0,21,33,193,0,0,0,0,109,0,0,0,0,0,0,0,125,124,147,0,10,2,0
good,0,9,4,88,0,0,21,33,193,0,0,0,0,110,0,0,0,0,0,0,0,126,124,147,0,11,2,0
good,0,9,5,88,0,0,21,32,194,0,0,0,0,111,0,0,0,0,0,0,0,125,125,150,0,9,2,0
good,0,8,0,85,0,0,21,32,193,0,0,0,0,112,0,0,0,0,0,0,0,125,128,157,0,9,1,0
good,0,9,0,88,0,0,21,33,192,0,0,0,0,113,0,0,0,0,0,0,0,125,128,158,0,9,2,0
good,0,9,0,87,0,0,21,32,191,0,0,0,0,114,0,0,0,0,0,0,0,126,128,157,0,9,1,0
good,0,9,2,87,0,0,21,33,192,0,0,0,0,113,0,0,0,0,0,0,0,125,127,152,0,9,2,0
good,0,9,1,87,0,0,21,33,192,0,0,0,0,113,0,0,0,0,0,0,0,125,129,157,0,9,2,0
good,0,8,3,88,0,0,20,33,192,0,0,0,0,106,0,0,0,0,0,0,0,126,127,154,0,9,2,0
good,0,12,5,89,0,0,21,33,192,0,0,0,0,103,0,0,0,0,0,0,0,126,127,154,0,9,1,0
good,0,8,5,89,0,0,19,26,190,0,0,0,0,34,0,0,0,0,0,0,0,125,123,150,8,11,2,0
good,0,9,4,91,0,0,20,26,190,0,0,0,0,34,0,0,0,0,0,0,0,124,121,146,8,11,1,0
good,0,7,5,92,0,0,20,27,191,0,0,0,0,40,0,0,0,0,0,0,0,118,117,117,10,9,2,0
good,0,6,5,93,0,0,17,30,192,0,0,0,0,43,0,0,0,0,0,0,0,113,112,80,0,9,2,0
good,0,9,3,96,0,0,20,31,193,0,0,0,0,45,0,0,0,0,0,0,0,115,114,83,0,9,2,0
good,0,10,5,95,0,0,19,31,191,0,0,0,0,38,0,0,0,0,0,0,0,114,112,77,0,9,2,0
good,0,7,5,97,0,0,17,31,192,0,0,0,0,39,0,0,0,0,0,0,0,113,111,77,0,9,2,0
good,0,0,0,53,0,0,0,0,0,0,0,0,1,44,2,0,12,0,0,0,0,252,242,0,0,0,5,0
good,0,0,0,56,0,0,0,0,0,0,0,0,1,44,3,0,15,0,0,0,0,256,251,0,0,0,5,0
good,0,0,2,63,0,0,0,0,0,0,0,0,2,44,4,0,14,0,0,0,0,258,252,0,0,0,6,0
good,0,0,0,58,0,1,0,0,0,0,0,0,2,46,4,0,13,0,0,0,0,258,251,1,0,0,5,0
good,0,0,0,58,0,0,0,0,0,0,0,3,2,45,3,0,14,0,0,0,0,260,256,0,0,0,13,0
good,0,0,0,58,0,0,0,0,0,0,0,0,1,45,3,0,14,0,0,0,0,261,256,4,0,0,14,0
good,0,0,0,58,0,0,0,0,0,0,0,0,2,45,0,0,14,0,1,0,2,261,259,7,0,0,13,0
good,0,0,0,59,0,0,0,0,0,0,0,0,0,46,4,0,13,0,0,0,0,264,257,11,0,0,14,0
good,0,0,0,59,0,0,0,1,0,0,0,0,1,50,1,0,15,0,0,0,0,266,258,17,0,0,15,0
good,0,0,0,59,1,0,0,0,0,0,0,0,2,47,3,0,15,0,0,0,0,262,257,16,0,0,14,0
good,0,0,0,61,0,0,0,0,0,0,0,0,2,44,3,0,15,0,0,0,0,262,258,18,0,0,13,0
good,0,0,0,61,0,0,0,0,0,0,0,0,1,43,0,0,10,0,0,0,0,261,257,20,0,0,15,0
good,0,0,0,61,0,0,0,0,0,0,0,0,1,45,5,0,16,0,0,0,0,263,259,23,0,0,14,0
good,0,0,0,61,0,0,0,0,0,0,0,0,2,45,3,0,15,0,0,0,0,262,258,25,0,0,14,0
good,0,0,0,60,0,0,0,0,0,0,0,0,2,45,0,0,15,1,0,0,0,262,259,26,0,0,15,0
good,0,0,0,62,0,0,0,0,0,0,1,0,3,44,1,0,14,0,0,0,0,261,256,28,0,0,15,0
good,0,0,0,62,0,0,0,0,0,0,0,0,1,44,3,0,13,0,0,0,0,257,250,27,0,0,14,0
good,0,0,0,62,0,0,2,0,2,3,1,0,7,49,3,0,13,0,0,0,0,256,254,28,0,0,14,0
good,0,0,0,63,0,0,0,0,0,0,0,0,2,52,3,0,12,0,1,0,0,261,254,33,0,0,14,0
good,0,0,0,65,0,0,0,0,0,0,0,0,2,44,0,0,14,0,0,0,0,260,259,33,0,0,14,0
good,0,0,0,65,0,0,0,0,0,0,0,0,0,43,0,0,14,0,0,0,0,260,255,32,0,0,15,0
good,0,0,0,65,0,0,2,0,0,0,0,0,2,45,0,0,13,0,0,0,0,262,257,34,0,0,15,0
good,0,0,0,65,0,0,0,0,0,0,0,0,3,44,0,0,18,4,0,0,0,260,255,39,0,0,14,0
good,0,0,0,68,0,0,0,0,0,0,1,0,3,50,2,0,11,0,0,0,0,259,255,35,0,0,15,0
good,0,0,0,71,0,0,0,0,0,0,1,4,2,51,0,0,10,0,0,0,0,255,245,31,0,0,14,0
good,0,0,0,71,0,0,0,0,1,0,1,0,1,50,0,0,12,0,0,0,0,259,255,35,0,0,16,0
good,0,0,0,71,0,0,0,0,0,0,1,0,1,46,0,0,15,0,0,0,0,257,247,35,0,0,14,0
good,0,0,0,70,0,0,0,0,0,0,1,0,1,44,3,0,14,0,0,0,0,257,247,35,0,0,15,0
good,0,0,0,69,0,0,0,0,2,0,2,0,3,44,0,0,16,0,0,0,0,261,256,36,0,0,16,0
good,0,0,0,73,0,0,0,0,0,0,0,0,3,45,0,0,13,0,0,0,0,261,254,37,0,0,16,0
good,0,0,0,69,0,0,0,0,0,0,0,0,1,44,0,0,13,0,0,0,0,261,255,41,0,0,15,0
good,0,0,0,67,0,0,0,0,0,0,2,0,1,45,0,0,15,0,0,0,0,260,255,41,0,0,16,0
good,0,0,0,71,0,0,0,0,0,0,0,0,3,44,0,0,12,0,0,0,0,260,256,42,0,0,16,0
good,0,0,0,70,0,0,0,0,0,0,0,0,2,43,0,0,13,0,0,0,0,259,249,42,0,0,14,0
good,0,0,0,68,0,0,0,0,0,0,0,0,3,42,0,0,14,0,0,0,0,259,250,41,0,0,14,0
good,0,0,0,70,0,0,0,0,0,0,1,0,3,42,0,0,15,0,0,0,0,259,251,43,0,0,18,0
good,0,0,0,69,0,0,0,0,0,0,0,0,3,41,0,0,14,0,0,0,0,261,256,45,0,0,16,0
good,0,0,0,69,0,0,0,0,0,0,0,0,2,40,0,0,13,0,0,0,0,262,255,46,0,0,17,0
good,0,0,0,71,0,0,0,0,0,0,0,0,2,42,0,0,13,0,0,0,0,261,255,48,0,0,15,0
good,0,0,0,71,0,0,0,0,0,0,1,0,3,41,0,0,14,0,0,0,0,261,255,49,0,0,18,0
good,0,0,0,72,0,0,0,0,0,0,1,0,3,42,0,0,14,0,0,0,0,261,259,55,0,0,15,0
good,0,0,0,72,0,0,0,0,0,0,0,0,3,42,0,0,14,0,0,0,0,262,256,51,0,0,16,0
good,0,0,0,73,0,0,0,0,0,0,1,0,2,46,0,0,12,0,0,0,1,262,255,51,0,0,16,0
good,0,0,0,74,3,0,0,0,0,0,0,0,3,42,0,0,13,0,0,0,0,261,256,52,0,0,16,0
good,1,0,0,72,0,0,0,0,0,0,1,0,2,42,0,0,14,0,0,0,0,263,257,54,0,0,16,0
good,0,0,0,73,0,0,0,0,0,0,0,0,2,43,0,0,14,0,0,0,0,263,257,55,0,0,18,1
good,0,0,0,74,0,0,0,0,0,0,0,0,0,39,0,0,12,0,0,0,0,262,257,54,4,3,22,0
good,0,0,0,70,0,0,0,0,0,0,0,0,3,42,0,0,13,0,0,2,0,265,258,57,0,0,16,0
good,0,0,0,68,0,0,0,0,0,0,0,0,1,44,0,0,17,0,0,1,0,264,258,54,0,0,16,0
good,0,0,0,71,0,0,0,0,0,0,0,0,2,44,0,0,13,0,0,0,0,263,258,57,0,0,17,0
good,0,0,0,72,0,0,0,0,0,0,0,0,2,51,0,0,14,0,0,0,0,264,258,57,0,0,15,0
good,0,0,0,72,4,0,0,0,0,0,0,0,3,43,0,0,13,0,0,0,0,262,258,55,0,0,15,0
good,0,0,0,72,0,0,0,0,0,0,1,0,2,43,0,0,14,0,0,0,0,264,258,58,0,0,17,0
good,0,0,0,72,0,0,0,0,0,0,0,0,1,40,0,0,14,0,0,0,0,263,256,57,0,0,17,0
good,0,0,0,71,0,0,0,0,0,0,0,0,2,42,0,0,13,0,0,0,0,264,258,56,0,0,16,0
good,0,0,0,74,0,0,0,0,0,0,0,0,2,42,0,0,14,3,0,0,0,265,264,60,0,0,16,0
good,0,0,0,73,0,0,0,0,3,0,2,0,2,44,0,0,14,0,0,0,0,265,259,60,0,0,14,0
good,0,0,4,73,2,0,0,0,0,0,0,0,2,44,0,0,13,0,0,0,0,265,258,60,0,0,16,0
good,0,1,0,74,0,0,0,0,0,0,1,0,2,44,0,0,13,0,0,0,0,265,258,61,0,0,16,0
good,0,0,0,73,0,0,0,0,0,0,0,0,2,40,0,0,13,0,0,0,0,265,260,59,0,0,16,0
good,0,0,0,72,0,0,0,0,0,0,0,0,2,41,0,0,12,0,0,0,0,262,255,56,0,0,18,0
good,0,0,0,71,0,0,0,0,0,0,0,0,3,40,0,0,13,0,0,0,0,264,259,61,0,0,16,0
good,0,0,0,72,0,0,0,2,0,0,2,0,2,40,0,0,13,0,0,0,0,263,257,59,0,0,14,0
good,0,0,4,72,0,0,0,0,0,0,0,0,3,40,0,0,10,0,0,0,0,262,256,59,0,0,15,0
good,0,0,0,81,0,0,0,0,0,0,0,0,0,35,0,0,12,0,0,0,0,262,255,61,0,0,16,0
good,0,0,0,83,1,0,0,0,0,0,0,0,0,35,0,0,11,0,0,189,240,261,252,44,0,0,14,0
good,0,0,0,79,0,0,0,0,0,0,0,0,2,40,0,0,10,0,0,191,245,264,257,46,0,0,17,0
good,0,0,0,82,0,0,0,0,0,0,0,0,0,35,0,0,12,0,0,191,244,264,255,43,0,0,16,0
good,0,0,0,83,0,0,0,0,0,0,0,0,0,35,0,0,12,0,0,190,244,262,253,42,0,0,16,0
good,0,1,0,82,1,0,0,0,0,0,0,0,0,34,0,0,11,0,0,191,244,263,253,42,0,0,16,0
good,0,0,0,84,0,0,0,0,0,0,0,3,0,40,1,0,11,0,0,191,245,263,255,42,0,0,16,0
good,0,0,0,83,0,0,0,0,0,0,0,0,0,32,0,0,10,0,0,186,241,261,250,45,0,0,16,0
good,0,0,0,81,0,0,0,0,0,0,0,0,0,36,0,0,9,0,0,188,242,263,254,42,0,0,19,0
good,0,0,0,82,0,0,0,0,0,0,0,0,0,36,0,0,8,0,0,189,243,264,255,44,0,0,16,0
good,0,0,0,82,0,0,1,0,0,0,0,0,0,37,0,0,9,0,0,189,242,263,254,43,0,0,17,0
good,0,0,0,81,0,0,43,0,0,0,0,0,1,38,0,0,7,0,0,192,247,265,258,47,0,0,16,0
good,0,0,0,83,0,0,0,0,0,0,0,0,0,34,0,0,9,0,0,191,246,264,255,46,0,0,16,0
good,0,0,0,85,0,0,0,0,0,0,0,2,0,40,0,0,8,0,0,191,246,264,254,46,0,0,16,0
good,0,0,0,83,0,0,0,0,0,0,0,0,0,35,0,0,8,0,0,192,246,265,257,44,0,0,16,0
good,0,0,0,83,0,2,0,0,0,0,0,0,0,35,0,0,10,0,0,191,245,265,257,44,0,0,16,0
good,0,0,0,85,0,0,43,0,0,0,0,0,0,36,0,0,9,0,0,191,245,269,256,43,0,0,16,0
good,0,0,0,85,0,0,44,0,0,0,0,0,0,36,0,0,9,0,0,192,246,266,258,42,0,0,17,0
good,2,0,0,84,0,0,43,1,0,0,0,0,0,35,0,0,10,0,0,193,246,264,256,44,0,0,15,0
good,0,0,0,84,0,0,0,0,0,0,0,0,0,35,0,0,8,0,0,192,246,265,257,45,0,0,16,0
good,0,0,0,84,0,0,0,0,0,0,0,0,0,37,0,0,11,0,0,191,245,264,254,45,0,0,16,0
good,0,0,0,83,0,0,0,0,0,0,0,0,0,34,0,0,10,0,0,189,243,261,251,44,0,0,17,0
good,0,0,0,83,0,0,0,0,0,0,0,0,0,36,0,0,9,0,0,191,246,265,256,45,0,0,16,0
good,0,0,0,84,0,0,0,0,0,0,0,0,0,39,0,0,4,0,0,191,246,264,253,47,0,0,16,0
good,0,0,0,83,0,0,42,0,0,0,0,0,0,38,0,0,5,0,0,189,243,261,250,46,2,0,16,0
good,0,0,0,88,0,0,44,0,0,0,0,0,0,39,0,0,4,0,0,192,244,263,251,49,0,0,16,0
good,0,0,0,87,0,0,0,0,0,0,0,0,1,41,0,0,1,0,2,192,249,264,251,49,0,0,16,0
good,4,0,0,87,0,0,45,1,0,0,0,0,0,38,0,0,7,0,0,191,244,263,250,48,0,0,16,0
good,0,0,0,86,0,0,44,0,0,0,0,0,0,35,0,0,9,0,0,194,247,265,255,50,0,0,16,0
good,0,0,0,69,0,4,61,0,0,0,0,0,2,59,3,0,11,0,0,191,241,270,262,47,0,0,14,0
good,0,0,0,72,0,0,0,17,15,0,3,0,1,50,0,0,0,0,0,0,0,258,239,66,0,0,8,0
good,0,0,0,71,1,0,0,22,25,0,3,0,1,54,3,0,1,0,0,181,235,258,239,70,0,0,5,0
good,0,0,0,66,0,0,0,18,15,0,3,0,2,54,0,0,0,0,0,180,236,251,220,72,0,0,3,0
good,0,0,0,64,0,0,0,21,21,0,6,0,1,56,0,0,0,0,0,181,239,255,230,75,0,0,3,0
good,0,0,0,69,0,0,0,16,18,0,5,0,1,57,0,0,0,0,0,184,241,253,226,72,0,0,2,0
cross_right_leg,0,0,0,89,0,0,23,7,6,0,0,0,0,40,0,0,0,0,0,0,0,257,62,0,0,0,13,0
cross_right_leg,0,0,0,70,0,0,0,0,0,0,0,0,0,51,0,0,0,0,0,0,0,275,60,0,0,0,21,0
cross_right_leg,0,0,0,77,0,0,0,0,0,0,0,0,0,52,0,0,0,0,0,0,0,273,63,0,0,0,22,0
cross_right_leg,0,0,0,66,0,0,0,11,11,0,0,0,0,50,0,0,0,0,0,0,0,273,86,0,0,0,20,0
cross_right_leg,0,0,0,89,0,0,0,1,1,0,0,0,0,48,0,0,0,0,0,0,0,269,60,0,0,0,21,0
cross_right_leg,0,0,0,63,0,0,0,0,0,0,1,0,2,119,0,0,0,0,0,0,0,269,62,0,0,0,25,0
cross_right_leg,0,0,0,91,0,0,0,0,0,0,0,0,0,19,0,0,0,0,0,0,0,272,63,0,0,0,21,0
cross_right_leg,0,0,0,81,0,0,0,0,0,0,0,0,0,55,0,0,0,0,0,0,0,257,56,0,0,0,25,0
cross_right_leg,0,0,0,98,0,0,0,0,0,0,0,0,0,58,0,0,0,0,0,159,229,243,52,0,0,0,13,0
cross_right_leg,0,0,0,89,0,0,0,0,0,0,0,0,0,57,0,0,0,0,0,175,240,254,57,0,0,0,17,0
cross_right_leg,0,0,0,72,0,0,0,0,0,0,0,0,0,66,0,0,0,0,0,0,0,264,55,0,0,0,22,0
cross_right_leg,0,0,0,74,0,0,0,0,0,0,0,0,0,57,0,0,0,0,0,0,0,251,59,64,0,0,14,0
cross_right_leg,0,0,0,71,0,0,0,0,0,0,0,0,0,56,0,0,0,0,0,0,0,256,55,0,0,0,20,0
cross_right_leg,0,0,0,69,0,0,0,1,1,0,0,0,0,55,0,0,0,0,0,0,0,259,57,45,0,0,18,0
cross_right_leg,0,0,0,68,0,0,0,1,1,0,0,0,0,55,0,0,0,0,0,0,0,257,55,51,0,0,18,0
cross_right_leg,0,0,0,71,0,0,0,2,2,0,0,0,0,56,0,0,0,0,0,0,0,257,53,50,0,0,18,0
cross_right_leg,0,0,0,70,0,0,0,2,1,0,0,0,0,56,0,0,0,0,0,0,0,254,58,47,0,0,18,0
cross_right_leg,0,0,0,71,0,0,0,2,2,0,0,0,0,57,0,0,0,0,0,1,0,255,57,47,0,0,18,0
cross_right_leg,0,0,0,71,0,0,0,1,2,0,0,0,0,57,0,0,0,0,0,0,0,254,54,47,0,0,18,0
cross_right_leg,0,0,0,77,0,0,0,2,0,0,0,0,0,55,0,0,0,0,0,0,0,259,58,0,0,0,22,0
cross_right_leg,0,0,0,74,0,0,0,0,1,0,0,0,0,53,0,0,0,0,0,0,0,260,59,0,0,0,21,0
cross_right_leg,0,0,0,75,0,0,0,2,1,0,0,0,0,59,0,0,0,0,0,0,0,262,52,0,0,0,19,0
cross_right_leg,0,0,0,77,0,0,0,1,2,0,0,0,0,57,0,0,0,0,0,0,0,258,54,0,0,0,18,0
cross_right_leg,0,0,0,76,0,0,0,2,2,0,0,0,0,56,0,0,0,0,0,0,0,260,57,0,0,0,18,0
cross_right_leg,0,0,0,78,0,0,0,2,1,0,0,0,1,57,0,0,0,0,0,0,0,262,55,0,0,0,18,0
cross_right_leg,0,0,0,78,0,0,0,2,2,0,0,0,0,56,0,0,0,0,0,0,0,262,60,0,0,0,18,0
cross_right_leg,0,0,0,79,0,0,0,2,2,0,0,0,0,55,0,0,0,0,0,0,0,259,57,0,0,0,18,0
cross_right_leg,0,0,0,44,0,0,0,0,0,0,0,2,11,273,0,0,0,0,0,0,0,251,49,0,0,10,23,0
cross_right_leg,0,0,0,51,0,0,0,2,2,0,0,0,8,181,0,0,0,0,0,0,0,259,55,0,0,8,15,0
cross_right_leg,0,0,0,58,0,0,0,0,0,0,0,0,7,117,0,0,0,0,0,0,0,272,61,0,0,6,7,0
cross_right_leg,0,0,0,56,0,0,0,13,13,0,3,0,7,183,0,0,0,0,0,0,0,246,47,0,0,6,13,0
cross_right_leg,0,0,0,66,0,0,0,10,11,0,0,0,7,155,0,0,0,0,0,212,269,252,50,0,0,6,14,0
cross_right_leg,0,0,0,39,0,0,0,10,10,0,11,4,18,220,0,0,0,105,10,102,74,0,40,0,0,0,0,0
cross_right_leg,0,0,0,75,0,0,0,12,7,0,1,0,4,99,0,0,0,0,0,192,223,0,51,0,0,0,0,0
cross_right_leg,0,0,0,71,0,0,0,4,3,0,0,0,4,111,0,0,0,0,0,231,262,0,52,0,0,0,0,0
cross_right_leg,0,0,0,91,0,0,0,7,5,0,0,0,4,112,0,0,0,0,0,226,260,0,52,0,0,0,0,0
cross_right_leg,0,0,0,36,0,0,0,12,8,0,13,1,7,156,5,0,0,0,0,271,254,0,51,0,0,0,0,0
cross_right_leg,0,0,0,86,0,0,0,7,6,0,0,0,3,47,0,0,0,0,0,244,247,0,50,0,0,0,0,0
cross_right_leg,0,0,0,87,0,0,0,7,5,0,0,0,3,52,0,0,0,0,0,237,245,0,49,0,0,0,0,0
cross_right_leg,0,0,0,92,0,0,0,8,6,0,0,0,4,53,0,0,0,0,0,240,246,0,48,0,0,0,0,0
cross_right_leg,0,0,0,94,0,0,0,9,5,0,0,0,5,53,0,0,0,0,0,240,247,0,48,0,0,0,0,0
cross_right_leg,0,0,0,97,0,0,0,9,7,0,0,0,3,58,3,0,0,0,0,240,248,0,45,0,0,0,0,0
cross_right_leg,0,0,0,97,0,0,0,10,6,0,0,0,4,54,1,0,0,0,0,239,248,0,48,0,0,0,0,0
cross_right_leg,0,0,0,95,0,0,0,10,7,0,0,0,4,56,3,0,0,0,0,240,249,0,46,0,0,0,0,0
cross_right_leg,0,0,0,96,0,0,0,10,7,0,0,0,4,56,2,0,0,0,0,240,249,0,45,0,0,0,0,0
cross_right_leg,0,0,0,97,0,0,0,10,5,0,0,0,3,55,1,0,0,0,0,240,248,0,47,0,0,0,0,0
cross_right_leg,0,0,0,98,0,0,0,10,7,0,0,0,4,54,0,0,0,0,0,241,250,0,46,0,0,0,0,0
cross_right_leg,0,0,0,98,0,0,0,10,7,0,0,0,4,56,2,0,0,0,0,241,251,0,48,0,0,0,0,0
cross_right_leg,0,0,0,86,0,0,0,6,6,0,0,0,2,59,7,0,0,0,0,245,256,0,49,0,0,0,0,0
cross_right_leg,0,0,0,91,0,0,0,8,6,0,0,0,4,58,5,0,0,0,0,246,257,0,50,0,0,0,0,0
cross_right_leg,0,0,0,92,0,0,0,9,6,0,0,0,3,58,5,0,0,0,0,247,257,0,50,0,0,0,0,0
cross_right_leg,0,0,0,93,0,0,0,9,4,0,0,0,5,60,6,0,0,0,0,246,258,0,51,0,0,0,0,0
cross_right_leg,0,0,0,92,0,0,0,9,6,0,0,0,4,60,6,0,0,0,0,247,258,0,47,0,0,0,0,0
cross_right_leg,0,0,0,59,0,0,0,5,3,0,0,0,3,77,24,1,0,0,0,320,304,0,60,23,0,0,0,0
cross_right_leg,0,0,0,85,0,0,0,15,14,0,0,0,2,46,9,0,0,0,0,279,285,0,56,0,0,0,0,0
cross_right_leg,0,0,0,88,0,0,0,14,14,0,0,0,3,46,10,0,0,0,0,280,287,0,53,0,0,0,0,0
cross_right_leg,0,0,0,88,0,0,0,12,13,0,0,0,3,44,10,0,0,0,0,280,287,0,57,0,0,0,0,0
cross_right_leg,0,0,0,88,0,0,0,183,214,0,0,0,2,46,10,0,0,0,0,281,287,0,55,0,0,0,0,0
cross_right_leg,0,0,0,88,0,0,0,211,211,0,0,0,3,46,10,0,0,0,0,283,290,0,52,0,0,0,0,0
cross_right_leg,0,0,0,90,0,0,0,224,223,0,0,0,3,44,11,0,0,0,0,281,290,0,58,0,0,0,0,0
cross_right_leg,0,0,0,89,0,0,0,225,225,0,0,0,3,46,10,0,0,0,0,282,290,0,57,0,0,0,0,0
cross_right_leg,0,0,0,90,0,0,0,226,226,0,0,0,3,46,10,0,0,0,0,283,290,0,52,1,0,0,0,0
cross_right_leg,0,0,0,88,0,0,0,228,228,0,0,0,3,46,10,0,0,0,0,281,289,0,57,0,0,0,0,0
cross_right_leg,0,0,0,94,0,0,0,230,231,0,0,0,3,42,9,0,0,0,0,281,288,0,54,0,0,0,0,0
cross_right_leg,0,0,0,94,0,0,0,230,230,0,0,0,3,42,9,0,0,0,0,281,288,0,53,0,0,0,0,0
cross_right_leg,0,0,0,97,0,0,0,232,231,0,0,0,4,42,8,0,0,0,0,281,287,0,55,0,0,0,0,0
cross_right_leg,0,0,0,97,0,0,0,233,233,0,0,0,3,42,9,0,0,0,0,282,288,0,55,0,0,0,0,0
cross_right_leg,0,0,0,100,0,0,0,233,233,0,0,0,3,42,9,0,0,0,0,282,287,0,52,0,0,0,0,0
cross_right_leg,0,0,0,98,0,0,0,234,233,0,0,0,3,42,9,0,0,0,0,281,287,0,55,0,0,0,0,0
cross_right_leg,0,0,0,100,0,0,0,234,234,0,0,0,3,42,9,0,0,0,0,282,288,0,51,0,0,0,0,0
cross_right_leg,0,0,0,103,0,0,0,232,232,0,0,0,3,40,5,0,0,0,0,280,287,0,56,0,0,0,0,0
cross_right_leg,0,0,0,102,0,0,0,232,232,0,0,0,3,40,5,0,0,0,0,283,288,0,54,0,0,0,0,0
cross_right_leg,0,0,0,102,0,0,0,232,232,0,0,0,3,41,5,0,0,0,0,280,286,0,51,0,0,0,0,0
cross_right_leg,0,0,0,97,0,0,0,222,223,0,0,0,3,41,6,0,0,0,0,278,286,0,56,0,0,0,0,0
cross_right_leg,0,0,0,103,0,0,0,231,231,0,0,0,3,40,5,0,0,0,0,279,287,0,52,0,0,0,0,0
cross_right_leg,0,0,0,102,0,0,0,224,224,0,0,0,3,41,5,0,0,0,0,285,289,0,51,0,0,0,0,0
cross_right_leg,0,0,0,103,0,0,0,234,233,0,0,0,3,41,6,0,0,0,0,281,288,0,55,0,0,0,0,0
cross_right_leg,0,0,0,98,0,0,0,226,226,0,0,0,3,42,9,0,0,0,0,280,286,0,51,0,0,0,0,0
cross_right_leg,0,0,0,104,0,0,0,236,236,0,0,0,4,43,9,0,0,0,0,282,288,0,52,0,0,0,0,0
cross_right_leg,0,0,0,103,0,0,0,235,235,0,0,0,5,43,8,0,0,0,0,282,288,1,53,0,0,0,0,0
cross_right_leg,0,0,0,103,0,0,0,236,236,0,0,0,4,43,9,0,0,0,0,282,288,0,54,0,0,0,0,0
cross_right_leg,0,0,0,102,0,0,0,237,237,0,0,0,3,43,10,0,0,0,0,283,289,0,55,0,0,0,0,0
cross_right_leg,0,0,0,100,0,0,0,235,235,0,0,0,4,42,11,0,0,0,0,285,290,0,56,0,0,0,0,0
cross_right_leg,0,0,0,100,0,0,0,236,236,0,0,0,4,41,10,0,0,0,0,286,290,0,51,0,0,0,0,0
cross_right_leg,0,0,0,102,0,0,0,236,236,0,0,0,3,42,10,0,0,0,0,286,290,0,53,0,0,0,0,0
cross_right_leg,0,0,0,102,0,0,0,236,236,0,0,0,3,41,10,0,0,0,0,287,290,0,54,0,0,0,0,0
cross_right_leg,0,0,0,103,0,0,0,236,236,0,0,0,3,42,10,0,0,0,0,286,291,0,52,0,0,0,0,0
cross_right_leg,0,0,0,103,0,0,0,236,236,0,0,0,3,42,11,0,0,0,0,286,290,0,51,0,0,0,0,0
cross_right_leg,0,0,0,103,0,0,0,236,236,0,0,0,3,42,10,0,0,0,0,286,290,0,55,0,0,0,0,0
cross_right_leg,0,0,0,104,0,0,0,236,236,0,0,0,3,41,10,0,0,0,0,286,291,0,52,0,0,0,0,0
cross_right_leg,0,0,0,102,0,0,0,235,236,0,0,0,3,41,10,0,0,0,0,285,290,0,56,0,0,0,0,0
cross_right_leg,0,1,0,104,0,0,0,224,224,0,0,0,3,42,10,0,0,0,0,286,290,0,53,0,0,0,0,0
cross_right_leg,0,0,0,105,0,0,0,224,224,0,0,0,3,41,10,0,0,0,0,286,291,0,55,0,0,0,0,0
cross_right_leg,0,0,0,102,0,0,0,225,224,0,0,0,3,42,10,0,0,0,0,286,289,0,54,0,0,0,0,0
cross_right_leg,0,0,0,99,0,0,0,224,224,0,0,0,4,42,10,0,0,0,0,285,290,0,56,0,0,0,0,0
cross_right_leg,0,0,0,100,0,0,0,226,225,0,0,0,3,43,10,0,0,0,0,286,290,0,55,0,0,0,0,0
cross_right_leg,0,0,0,101,0,0,0,225,224,0,0,0,4,42,10,0,0,0,0,285,290,0,56,0,0,0,0,0
cross_right_leg,0,0,0,102,0,0,0,227,226,0,0,0,3,43,10,0,0,0,0,286,290,0,51,0,0,0,0,0
cross_right_leg,0,0,0,101,0,0,0,227,225,0,0,0,4,43,10,0,0,0,0,286,290,0,55,0,0,0,0,0
cross_right_leg,0,0,0,103,0,0,0,226,226,0,0,0,4,43,11,0,0,0,0,286,290,0,53,0,0,0,0,0
cross_right_leg,0,0,0,103,0,0,0,227,226,0,0,0,3,43,10,0,0,0,0,286,290,0,50,0,0,0,0,0
cross_right_leg,0,0,0,104,0,0,0,226,226,0,0,0,4,43,11,0,0,0,0,286,290,0,51,0,0,0,0,0
cross_right_leg,0,0,0,103,0,0,0,226,225,0,0,0,3,43,10,0,0,0,0,286,289,0,53,0,0,0,0,0
cross_right_leg,0,0,0,103,0,0,0,227,226,0,0,0,3,43,11,0,0,0,0,286,290,0,55,0,0,0,0,0
cross_right_leg,0,0,0,103,0,0,0,226,225,0,0,0,3,43,11,0,0,0,0,286,290,0,56,0,0,0,0,0
cross_right_leg,0,0,0,101,0,0,0,228,226,0,0,0,4,43,11,0,0,0,0,285,290,0,51,0,0,0,0,0
cross_right_leg,0,0,0,102,0,0,0,227,227,0,0,0,4,44,11,0,0,0,0,285,289,0,50,0,0,0,0,0
cross_right_leg,0,0,0,101,0,0,0,227,226,0,0,0,4,43,11,0,0,0,0,285,289,0,53,0,0,0,0,0
cross_right_leg,0,0,0,103,0,0,0,227,226,0,0,0,4,43,11,0,0,0,0,285,289,0,56,0,0,0,0,0
cross_right_leg,0,0,0,107,0,0,0,227,226,0,0,0,3,41,10,0,0,0,0,286,290,0,52,0,0,0,0,0
cross_right_leg,0,0,0,100,0,0,0,228,227,0,0,0,4,41,11,0,0,0,0,292,291,0,56,0,0,0,0,0
cross_right_leg,0,0,0,101,0,0,0,228,227,0,0,0,3,41,9,0,0,0,0,292,290,0,53,0,0,0,0,0
cross_right_leg,0,0,0,101,0,0,0,229,228,0,0,0,3,42,11,0,0,0,0,287,291,0,53,0,0,0,0,0
cross_right_leg,0,0,0,101,0,0,0,226,227,0,0,0,4,42,11,0,0,0,0,286,290,0,52,0,0,0,0,0
cross_right_leg,0,0,0,101,0,0,0,228,228,0,0,0,4,42,10,0,0,0,0,287,291,0,51,0,0,0,0,0
cross_right_leg,0,0,0,101,0,0,0,228,228,0,0,0,4,42,10,0,0,0,0,289,291,0,53,0,0,0,0,0
cross_right_leg,0,0,0,101,0,0,0,228,228,0,0,0,3,45,10,0,0,0,0,286,290,0,52,0,0,0,0,0
cross_right_leg,0,0,0,101,0,0,0,228,228,0,0,0,4,41,10,0,0,0,0,290,291,0,51,0,0,0,0,0
cross_right_leg,0,0,0,101,0,0,0,228,228,0,0,0,3,42,11,0,0,0,0,286,291,0,55,0,0,0,0,0
cross_right_leg,0,0,0,103,0,0,0,227,227,0,0,0,4,38,11,0,0,0,0,286,291,0,52,0,0,0,0,0
cross_right_leg,0,0,0,104,0,0,0,228,227,0,0,0,4,41,10,0,0,0,0,288,291,0,51,0,0,0,0,0
cross_right_leg,0,0,0,104,0,0,0,227,227,0,0,0,4,40,10,0,0,0,0,289,292,0,55,0,0,0,0,0
cross_right_leg,0,0,0,103,0,0,0,229,229,0,0,0,4,43,10,0,0,0,0,287,291,0,54,0,0,0,0,0
cross_right_leg,0,0,0,104,0,0,0,230,229,0,0,0,4,44,12,0,0,0,0,286,292,0,55,0,0,0,0,0
cross_right_leg,0,1,0,105,0,0,0,229,229,0,0,0,4,43,11,0,0,0,0,285,291,0,54,0,0,0,0,0
cross_right_leg,0,0,0,102,0,0,0,231,230,0,0,0,3,45,11,0,1,0,0,286,291,0,55,0,0,0,0,0
cross_right_leg,0,0,0,104,0,0,0,230,230,0,0,0,4,42,11,0,0,0,0,287,292,0,53,0,0,0,0,0
cross_right_leg,0,0,0,105,0,0,0,232,231,0,0,0,4,42,10,0,0,0,0,285,289,0,55,0,0,0,0,0
cross_right_leg,0,0,0,102,0,0,0,228,227,0,0,0,4,44,0,0,0,0,0,274,276,0,54,0,0,0,0,0
cross_right_leg,0,0,0,104,0,0,0,228,227,0,0,0,4,45,1,0,0,0,0,275,280,0,53,0,0,0,0,0
cross_right_leg,0,0,0,105,0,1,0,222,221,0,0,0,0,29,0,0,0,0,0,287,290,0,56,0,0,0,0,0
cross_right_leg,0,0,0,104,0,0,0,219,219,0,0,0,0,28,0,0,0,0,0,287,288,0,55,0,0,0,0,0
cross_right_leg,0,0,0,110,0,0,0,226,225,0,0,0,4,41,0,0,0,0,0,274,279,0,50,0,0,0,0,0
cross_right_leg,0,0,0,110,0,0,0,226,225,0,0,0,4,43,0,0,0,0,0,270,274,0,55,0,0,0,0,0
cross_right_leg,0,0,0,111,0,0,0,227,226,0,0,0,4,42,0,0,0,0,0,271,272,0,51,0,0,0,0,0
cross_right_leg,0,0,0,45,0,0,9,222,222,0,0,0,0,152,0,0,0,0,0,68,171,284,120,2,0,0,0,0
cross_right_leg,0,0,0,50,0,0,0,46,34,0,0,0,0,147,0,0,0,0,0,62,151,0,141,0,0,0,0,0
cross_right_leg,0,0,0,51,0,0,0,54,259,0,0,0,0,148,0,0,0,0,0,66,156,0,147,1,0,0,0,0
cross_right_leg,0,0,0,48,0,0,0,35,21,0,0,0,1,149,0,0,0,0,0,70,164,0,152,2,0,0,0,0
cross_right_leg,0,0,0,35,0,0,0,25,13,0,0,0,0,152,0,0,0,0,0,70,188,0,199,28,0,0,0,0
cross_right_leg,0,0,0,39,0,0,0,12,5,0,0,0,1,151,0,0,0,0,0,72,194,0,205,28,0,1,0,0
cross_right_leg,0,0,0,42,0,0,0,4,1,0,0,0,0,152,0,0,0,0,0,0,0,5,172,20,0,0,0,0
cross_right_leg,0,0,0,42,0,0,0,7,3,0,0,0,0,151,0,0,0,0,0,0,0,22,191,23,0,2,0,0
cross_right_leg,0,0,0,40,0,0,0,8,2,0,0,0,1,153,0,0,0,0,0,0,0,297,191,23,0,1,0,0
cross_right_leg,0,0,0,39,0,0,0,6,0,0,0,0,2,150,0,0,0,0,0,0,0,0,177,21,0,2,0,0
cross_right_leg,0,0,0,42,0,0,0,5,1,0,0,0,1,151,0,0,0,0,0,0,0,357,192,22,0,3,0,0
cross_right_leg,0,0,0,44,0,0,0,6,2,0,0,0,1,151,0,0,0,0,0,77,202,353,187,23,0,6,0,0
cross_right_leg,0,0,0,35,0,0,0,6,1,0,0,0,0,152,0,0,0,0,0,77,195,357,190,20,0,2,0,0
cross_right_leg,0,0,0,31,0,0,0,7,2,0,0,0,1,153,0,0,0,0,0,78,197,361,191,23,0,1,0,0
cross_right_leg,0,0,0,34,0,0,0,7,3,0,0,0,1,150,0,0,0,0,0,0,0,355,200,23,0,1,0,0
cross_right_leg,0,0,0,29,0,0,0,4,0,0,0,0,0,153,0,0,0,0,0,78,199,363,192,22,0,2,0,0
cross_right_leg,0,0,0,40,0,0,0,5,0,0,0,0,1,151,0,0,0,0,0,76,204,360,189,22,0,3,0,0
cross_right_leg,0,0,0,39,0,0,0,4,2,0,0,0,1,150,0,0,0,0,0,77,205,364,199,27,0,3,0,0
cross_right_leg,0,0,0,35,0,0,0,5,1,0,0,0,2,152,0,0,0,0,0,77,204,370,207,27,0,1,0,0
cross_right_leg,0,0,0,37,0,0,0,4,2,0,0,0,1,152,0,0,0,0,0,78,204,362,195,23,0,2,0,0
cross_right_leg,0,0,0,34,0,0,0,3,2,0,0,0,1,153,0,0,0,0,0,80,207,369,201,22,0,2,0,0
cross_right_leg,0,0,0,34,0,0,0,4,2,0,0,0,1,153,0,0,0,0,0,81,209,371,200,26,0,2,0,0
cross_right_leg,0,0,0,38,0,0,0,4,0,0,0,0,1,154,0,0,0,0,0,80,204,355,186,22,0,3,0,0
cross_right_leg,0,0,0,41,0,0,0,4,1,0,0,0,0,153,0,0,0,0,0,0,0,337,178,18,0,3,0,0
cross_right_leg,0,0,0,39,0,0,0,2,1,0,0,0,1,153,0,0,0,0,0,77,206,362,193,23,0,3,0,0
cross_right_leg,0,0,0,42,0,0,0,0,0,0,0,0,1,152,0,0,0,0,0,83,208,366,193,24,0,3,0,0
cross_right_leg,0,0,0,38,0,0,0,0,0,0,0,0,1,152,0,0,0,0,0,77,207,370,200,26,0,3,0,0
cross_right_leg,0,0,0,32,0,0,0,0,0,0,0,0,1,154,0,0,0,0,0,79,211,377,208,27,0,2,0,0
cross_right_leg,0,0,0,31,0,0,0,0,0,0,0,0,1,153,0,0,0,0,0,80,211,376,207,28,0,2,0,0
cross_right_leg,0,0,0,31,0,0,0,0,0,0,0,0,1,153,0,0,0,0,0,79,211,375,208,28,0,2,0,0
cross_right_leg,0,0,0,31,0,0,0,0,0,0,0,0,1,154,0,0,0,0,0,80,212,375,208,28,0,2,0,0
cross_right_leg,0,0,0,31,0,0,0,0,0,0,0,0,1,154,0,0,0,0,0,79,212,375,207,28,0,2,0,0
cross_right_leg,0,0,0,33,0,0,0,0,0,0,0,0,1,152,0,0,0,0,0,78,213,380,210,29,0,4,0,0
cross_right_leg,0,0,0,33,0,0,0,0,0,0,0,0,0,149,0,0,0,0,0,74,210,384,220,30,0,1,0,0
cross_right_leg,0,0,0,35,0,0,0,0,0,0,0,0,0,147,0,0,0,0,0,78,215,386,219,31,0,2,0,0
cross_right_leg,0,0,0,34,0,0,0,0,0,0,0,0,0,148,0,0,0,0,0,79,215,385,219,31,0,3,0,0
cross_right_leg,0,0,0,34,0,0,0,0,0,0,0,0,0,148,0,0,0,0,0,81,216,387,221,31,0,3,0,0
cross_right_leg,0,0,0,35,0,0,0,0,0,0,0,0,1,148,0,0,0,0,0,79,213,381,217,30,0,3,0,0
cross_right_leg,0,0,0,34,0,0,0,0,0,0,0,0,1,149,0,0,0,0,0,80,213,377,215,28,0,3,0,0
cross_right_leg,0,0,0,35,0,0,0,0,0,0,0,0,1,149,0,0,0,0,0,80,212,376,212,28,0,3,0,0
cross_right_leg,0,0,0,35,0,0,0,0,0,0,0,0,0,147,0,0,0,0,0,77,213,376,219,29,0,4,0,0
cross_right_leg,0,0,0,33,0,0,0,0,0,0,0,0,0,147,0,0,0,0,0,78,213,382,220,31,0,2,0,0
cross_right_leg,0,0,0,32,0,0,0,0,0,0,0,0,1,148,0,0,0,0,0,80,214,381,218,29,0,3,0,0
cross_right_leg,0,0,0,30,0,0,0,0,0,0,0,0,1,148,0,0,0,0,0,79,214,381,219,30,0,3,0,0
cross_right_leg,0,0,0,34,0,0,0,0,0,0,0,0,1,149,0,0,0,0,0,79,214,375,215,29,0,3,0,0
cross_right_leg,0,0,0,34,0,0,0,0,0,0,0,0,1,149,0,0,0,0,0,80,213,376,216,28,0,3,0,0
cross_right_leg,0,0,0,35,0,0,0,0,0,0,0,0,0,147,0,0,0,0,0,79,214,381,220,29,0,3,0,0
cross_right_leg,0,0,0,35,0,0,0,0,0,0,0,0,0,148,0,0,0,0,0,79,215,381,221,30,0,4,0,0
cross_right_leg,0,0,0,37,0,0,0,0,0,0,0,0,0,148,0,0,0,0,0,79,214,380,220,30,0,3,0,0
cross_right_leg,0,0,0,39,0,0,0,0,0,0,0,0,0,147,0,0,0,0,0,83,213,381,221,31,0,3,0,0
cross_right_leg,0,0,0,37,0,0,0,0,0,0,0,0,0,147,0,0,0,0,0,80,214,383,222,31,0,4,0,0
cross_right_leg,0,0,0,37,0,0,0,0,0,0,0,0,1,149,0,0,0,0,0,78,210,371,221,31,0,3,0,0
cross_right_leg,0,0,0,37,0,0,0,0,0,0,0,0,1,149,0,0,0,0,0,78,211,372,219,31,0,3,0,0
cross_right_leg,0,0,0,37,0,0,0,0,0,0,0,0,1,149,0,0,0,0,0,78,211,371,219,31,0,3,0,0
cross_right_leg,0,0,0,36,0,0,0,0,0,0,0,0,1,149,0,0,0,0,0,78,210,370,219,31,0,3,0,0
cross_right_leg,0,0,0,38,0,0,0,0,0,0,0,0,1,148,0,0,0,0,0,76,210,369,219,29,0,4,0,0
cross_right_leg,0,0,0,37,0,0,0,0,0,0,0,0,1,150,0,0,0,0,0,76,211,372,221,31,0,4,0,0
cross_right_leg,0,0,0,35,0,0,0,0,0,0,0,0,1,149,0,0,0,0,0,78,213,374,217,31,0,2,0,0
cross_right_leg,0,0,0,33,0,0,0,0,0,0,0,0,1,149,0,0,0,0,0,80,213,374,219,32,0,1,0,0
cross_right_leg,0,0,0,33,0,0,0,0,0,0,0,0,1,148,0,0,0,0,0,81,215,375,218,32,0,3,0,0
cross_right_leg,0,0,0,39,0,0,0,0,0,0,0,0,0,143,0,0,0,0,0,80,217,384,226,33,0,4,0,0
cross_right_leg,0,0,0,33,0,0,0,0,0,0,0,0,0,145,0,0,0,0,0,82,218,374,221,30,0,4,0,0
cross_right_leg,0,0,0,35,0,0,0,0,0,0,0,0,0,146,0,0,0,0,0,82,218,374,222,33,0,4,0,0
cross_right_leg,0,0,0,35,0,0,0,0,0,0,0,0,0,146,0,0,0,0,0,82,218,376,222,33,0,7,0,0
cross_right_leg,0,0,0,35,0,0,0,0,0,0,0,0,0,147,0,0,0,0,0,83,219,378,223,33,0,4,0,0
cross_right_leg,0,0,0,36,0,0,0,0,0,0,0,0,0,146,0,0,0,0,0,82,218,377,223,33,0,4,0,0
cross_right_leg,0,0,0,37,0,0,0,0,0,0,0,0,0,146,0,0,1,0,0,81,217,380,223,35,0,2,0,0
cross_right_leg,0,0,0,37,0,0,0,0,0,0,0,0,0,146,0,0,0,0,0,83,218,381,225,34,0,4,0,0
cross_right_leg,0,0,0,36,0,0,0,0,0,0,0,0,0,146,0,0,0,0,0,83,219,380,221,32,0,4,0,0
cross_right_leg,0,0,0,34,0,0,0,0,0,0,0,0,1,147,0,0,0,0,0,83,218,373,219,33,0,3,0,0
cross_right_leg,0,0,0,33,0,0,0,0,0,0,0,0,1,148,0,0,0,0,0,84,219,376,219,31,0,3,0,0
cross_right_leg,0,0,0,33,0,0,0,0,0,0,0,0,1,148,0,0,0,0,0,84,218,373,218,29,0,3,0,0
cross_right_leg,0,0,0,33,0,0,0,0,0,0,0,0,0,147,0,0,0,0,0,83,219,377,220,31,0,4,0,0
cross_right_leg,0,0,0,31,0,0,0,0,0,0,0,0,0,144,0,0,0,0,0,82,220,375,202,31,0,3,0,0
cross_right_leg,0,0,0,34,0,0,0,0,0,0,0,0,0,137,0,0,0,0,0,81,222,387,211,34,0,6,0,0
cross_right_leg,0,0,0,36,0,0,0,0,0,0,0,0,0,135,0,0,0,0,0,82,220,382,206,33,0,7,0,0
cross_right_leg,0,0,0,41,0,0,0,0,0,0,0,0,0,130,0,0,0,0,0,80,226,398,214,10,0,0,0,0
cross_right_leg,0,0,0,30,0,0,0,0,7,0,0,0,0,127,0,0,0,0,0,106,220,279,159,0,0,0,0,0
cross_right_leg,0,0,0,22,0,0,0,3,0,0,0,0,0,123,0,0,0,0,0,51,200,375,212,28,0,4,0,0
cross_right_leg,0,0,0,0,0,0,0,0,0,0,0,0,0,140,0,0,0,5,0,84,158,217,78,0,0,0,0,0
cross_right_leg,0,0,0,0,0,0,0,0,16,0,0,0,1,130,0,0,10,7,0,88,190,272,169,11,0,0,0,0
cross_right_leg,0,0,0,25,0,0,0,0,0,0,0,0,0,117,0,0,0,0,0,66,187,388,248,56,0,6,0,0
cross_right_leg,0,0,0,27,0,0,0,2,0,0,0,0,0,124,0,0,0,0,0,72,205,367,212,42,0,7,0,0
cross_right_leg,0,0,0,24,0,0,0,3,294,0,0,0,0,131,0,0,0,0,0,74,202,378,225,36,0,2,0,0
cross_right_leg,0,0,0,24,0,0,0,3,303,0,0,0,0,130,0,0,0,0,0,75,206,381,230,37,0,1,0,0
cross_right_leg,0,0,0,23,0,0,0,2,302,0,0,0,0,131,0,0,0,0,0,76,207,380,230,37,0,1,0,0
cross_right_leg,0,1,0,24,0,0,0,2,299,0,0,0,0,130,0,0,0,0,0,77,208,384,234,38,0,1,0,0
cross_right_leg,0,0,0,27,0,0,0,3,299,0,0,0,0,131,0,0,0,0,0,78,209,383,235,37,0,6,0,0
cross_right_leg,0,0,0,26,0,0,0,3,298,0,0,0,0,131,0,0,0,0,0,78,208,383,235,38,0,6,0,0
cross_right_leg,0,0,0,24,0,0,0,2,292,0,0,0,0,132,0,0,0,0,0,80,209,383,236,37,0,3,0,0
cross_right_leg,0,0,0,27,0,0,0,3,299,0,0,0,0,133,0,0,0,0,0,80,208,383,236,38,0,3,0,0
cross_right_leg,0,0,0,27,0,0,0,2,296,0,0,0,0,133,0,0,0,0,0,80,208,382,236,38,0,5,0,0
cross_right_leg,0,0,0,27,0,0,0,3,296,0,0,0,0,134,0,0,0,0,0,82,208,381,235,39,0,1,0,0
cross_right_leg,0,0,0,33,0,0,0,2,299,0,0,0,0,133,0,0,0,0,0,78,198,364,223,29,0,7,0,0
cross_right_leg,0,0,0,0,0,0,0,0,0,0,0,0,0,0,0,0,0,0,0,0,0,0,0,0,0,0,0,0
cross_right_leg,0,0,0,0,0,0,0,0,0,0,0,0,0,0,0,0,0,0,0,0,0,0,0,0,0,0,0,0
cross_right_leg,0,0,0,0,0,0,0,0,0,0,0,0,0,0,0,0,0,0,0,0,0,0,0,0,0,0,0,0
cross_right_leg,0,0,0,0,0,0,0,0,0,0,0,0,0,0,0,0,0,0,0,0,0,0,0,0,0,0,0,0
cross_right_leg,0,0,0,0,0,0,0,0,0,0,0,0,0,0,0,0,0,0,0,0,0,0,0,0,0,0,0,0
cross_right_leg,0,0,0,0,0,0,0,0,0,0,0,0,0,0,0,0,0,0,0,0,0,0,0,0,0,0,0,0
cross_right_leg,0,0,0,57,0,0,0,0,0,0,1,0,0,95,0,0,0,0,0,226,299,333,327,0,0,0,22,0
cross_right_leg,0,0,0,62,0,0,0,0,0,0,11,0,0,115,0,0,0,3,0,232,303,338,332,1,0,0,26,0
cross_right_leg,1,0,0,70,0,0,56,0,0,2,15,0,0,139,0,0,0,0,0,233,294,309,282,24,0,0,34,0
cross_right_leg,0,0,0,71,0,5,65,0,0,4,19,0,0,164,0,0,0,0,0,234,281,287,247,9,0,0,29,0
cross_right_leg,0,0,0,73,0,4,66,0,0,6,19,0,1,160,0,0,0,0,0,237,285,290,261,19,0,0,29,0
cross_right_leg,0,0,0,73,0,5,69,0,0,4,16,0,1,168,0,0,0,0,0,236,283,288,255,17,0,0,25,0
cross_right_leg,0,0,0,68,0,5,73,0,0,4,19,0,3,203,0,0,0,0,0,235,278,286,241,7,0,0,22,0
cross_right_leg,0,0,0,71,0,5,72,0,0,4,21,0,2,184,0,0,0,0,0,235,283,290,265,19,0,1,25,0
cross_right_leg,0,0,0,70,0,5,72,0,0,5,20,0,2,184,0,0,0,0,0,235,282,294,271,23,0,0,22,1
cross_right_leg,0,0,0,63,0,6,70,0,0,6,20,0,4,201,0,0,0,0,0,247,292,299,257,12,0,0,22,0
cross_right_leg,0,0,0,60,2,5,68,0,0,5,20,0,1,197,0,0,0,0,0,243,286,295,265,17,0,0,21,0
cross_right_leg,0,0,0,63,0,0,0,0,0,0,20,0,8,236,0,0,0,0,0,253,291,298,184,0,0,0,1,0
cross_right_leg,0,0,0,72,0,5,76,0,0,4,24,0,1,192,0,0,0,0,0,249,285,286,219,6,0,0,22,0
cross_right_leg,0,0,0,72,0,5,80,0,0,5,20,0,4,219,0,0,0,1,0,251,287,288,0,13,0,0,20,0
cross_right_leg,0,0,0,78,0,5,75,0,0,5,21,0,1,159,0,0,0,0,0,249,296,300,259,21,0,0,20,0
cross_right_leg,0,0,0,74,0,5,77,0,0,4,20,0,2,178,0,2,0,0,0,253,297,301,268,21,0,0,20,0
cross_right_leg,0,0,0,78,0,4,72,0,0,4,20,0,2,149,0,0,0,0,0,247,293,298,266,21,0,0,20,0
cross_right_leg,0,0,0,70,0,5,73,0,0,6,21,0,5,203,0,0,0,0,0,252,293,291,0,6,0,0,22,0
cross_right_leg,0,0,0,69,0,5,79,0,0,5,21,0,2,188,0,0,0,0,0,254,292,290,242,15,0,0,23,0
cross_right_leg,0,0,0,70,0,5,73,0,0,5,20,0,1,167,0,0,0,0,0,255,295,295,254,20,0,0,23,0
cross_right_leg,0,0,0,70,0,5,76,0,0,5,20,0,2,168,0,0,0,0,0,257,295,290,238,13,0,0,7,0
cross_right_leg,0,0,0,68,0,6,70,0,0,5,21,0,2,166,0,0,0,0,0,256,296,292,245,14,0,0,26,0
cross_right_leg,0,0,0,64,0,5,77,0,0,3,21,0,6,223,0,0,0,0,0,250,296,301,264,21,0,0,21,0
cross_right_leg,0,0,0,65,0,5,76,0,0,5,21,0,2,209,10,0,0,0,0,250,294,297,268,21,0,0,21,0
cross_right_leg,0,0,0,66,0,6,77,0,0,5,21,0,3,213,10,0,0,0,0,248,288,291,266,22,0,0,20,1
cross_right_leg,0,0,0,72,0,1,75,23,33,1,17,0,3,120,0,0,0,0,0,272,301,1,256,47,0,0,19,0
cross_right_leg,0,0,0,65,0,0,0,10,8,0,12,0,1,62,0,0,0,0,0,255,299,302,297,238,0,0,22,0
cross_right_leg,0,0,0,64,0,7,74,33,34,0,19,0,5,222,0,0,0,1,0,252,287,284,245,43,0,0,23,0
cross_right_leg,0,0,0,66,0,5,74,34,35,1,20,0,2,206,0,0,0,0,0,250,286,285,252,49,0,0,19,0
cross_right_leg,0,0,0,67,0,5,71,35,33,1,19,0,4,202,0,0,0,0,0,232,274,279,248,49,0,0,13,0
cross_right_leg,0,0,0,70,0,5,77,38,36,1,19,0,1,149,0,0,0,0,0,0,304,299,171,0,0,0,0,0
cross_right_leg,0,0,0,74,0,4,69,33,32,0,15,0,2,134,0,0,0,0,0,0,302,302,272,95,0,0,1,0
cross_right_leg,0,0,0,72,0,4,64,30,30,1,15,0,3,128,0,0,0,0,0,0,306,311,282,108,0,0,25,2
cross_right_leg,0,0,0,76,0,4,66,29,30,2,14,0,2,129,0,0,0,0,0,0,306,310,284,116,0,0,22,0
cross_right_leg,0,0,0,74,0,4,65,31,29,2,14,0,2,132,0,0,0,0,0,0,307,312,285,121,0,0,23,0
cross_right_leg,0,0,0,75,0,3,67,33,33,2,17,0,1,130,0,0,0,0,0,0,308,316,287,137,0,0,22,0
cross_right_leg,0,0,0,76,0,3,65,31,30,4,16,0,2,129,0,0,0,0,0,0,308,318,288,151,0,0,23,0
cross_right_leg,0,0,0,81,0,3,63,31,30,2,15,0,2,128,0,0,0,0,0,0,307,314,288,136,0,0,22,0
cross_right_leg,0,0,0,81,0,3,64,31,30,1,16,0,2,128,0,0,0,0,0,0,309,318,289,142,0,0,24,0
cross_right_leg,0,0,0,81,0,3,62,31,30,1,15,0,3,127,0,0,0,0,0,0,308,316,289,144,0,0,24,0
cross_right_leg,0,0,0,72,0,0,0,30,29,1,16,0,2,125,0,0,0,0,0,0,311,317,291,145,0,0,21,0
cross_right_leg,0,0,0,82,0,3,63,29,28,0,15,0,3,125,0,0,0,0,0,242,305,311,281,149,0,0,19,0
cross_right_leg,0,0,0,83,2,4,65,29,28,3,15,0,1,126,0,0,0,0,0,0,304,311,288,122,0,0,20,0
cross_right_leg,0,0,0,87,0,3,66,32,31,0,13,2,2,127,0,0,0,0,0,255,304,309,282,152,0,0,18,0
cross_right_leg,0,0,0,67,0,0,0,0,0,3,19,0,2,214,0,0,0,0,0,264,303,304,250,12,0,0,25,0
cross_right_leg,0,2,0,79,0,4,63,267,267,0,12,0,1,105,0,0,0,0,0,0,313,56,285,160,0,0,22,0
cross_right_leg,0,0,0,80,0,3,63,266,266,0,13,0,1,116,0,0,0,0,0,0,312,51,0,176,1,0,23,0
cross_right_leg,0,0,0,84,0,12,71,275,279,5,15,0,2,133,0,0,0,0,0,0,309,32,279,122,0,0,0,0
cross_right_leg,0,0,0,83,0,5,74,276,276,3,14,0,4,138,0,0,0,0,0,0,310,28,280,129,1,0,0,0
cross_right_leg,0,0,0,87,0,3,64,273,270,2,13,0,2,116,0,0,0,0,0,0,314,28,290,167,0,0,0,0
cross_right_leg,0,0,0,82,0,3,65,270,270,3,13,0,2,126,0,0,0,0,0,0,314,37,289,159,0,0,0,0
cross_right_leg,0,0,0,78,0,3,0,268,269,2,14,0,4,112,0,0,0,0,0,0,314,27,0,176,0,0,0,0
cross_right_leg,0,0,0,79,0,0,0,269,268,2,13,0,1,108,0,0,0,0,0,1,316,37,291,170,0,0,0,0
cross_right_leg,0,0,0,80,0,2,63,269,268,2,13,0,2,113,0,0,0,0,0,0,315,35,291,165,0,0,0,0
cross_right_leg,0,0,0,82,0,2,64,270,269,1,14,0,2,118,1,0,0,0,0,0,316,34,292,163,0,0,0,0
cross_right_leg,0,0,0,81,0,3,63,269,269,2,12,0,2,114,0,0,0,0,0,0,317,31,292,166,0,2,0,0
cross_right_leg,0,0,0,66,0,4,80,279,279,2,18,0,4,239,0,0,0,0,0,255,296,302,0,17,0,0,19,0
cross_right_leg,0,0,0,75,0,5,76,277,278,6,20,0,6,219,0,0,0,0,0,253,292,294,259,48,0,0,22,0
cross_right_leg,0,0,0,71,0,5,81,278,278,5,20,0,6,243,0,0,0,0,0,250,287,290,266,61,0,0,14,0
cross_right_leg,0,0,0,82,0,5,81,279,280,4,18,0,5,230,0,0,0,0,0,252,286,290,258,50,0,0,16,0
cross_right_leg,0,0,0,82,0,3,63,269,269,5,16,0,1,119,0,0,0,0,0,267,305,0,275,148,2,0,0,2
cross_right_leg,0,0,0,84,0,2,57,262,268,3,15,0,1,128,0,0,0,0,0,274,309,0,282,166,0,0,0,0
cross_right_leg,0,0,0,84,0,0,0,258,256,4,14,0,0,99,0,0,0,0,0,274,309,0,283,183,0,0,0,0
cross_right_leg,0,0,0,86,0,0,0,261,256,4,15,0,1,120,0,0,0,0,0,272,313,2,287,185,0,0,0,0
cross_right_leg,0,0,0,86,0,0,0,253,253,4,16,0,1,81,0,0,0,0,0,269,309,0,0,197,0,0,0,0
cross_right_leg,0,0,0,90,0,0,0,256,253,4,12,0,3,83,0,0,0,0,0,268,308,0,285,191,0,0,0,0
cross_right_leg,0,0,0,92,0,0,0,257,255,3,15,0,1,92,0,0,0,0,0,268,309,0,0,192,0,0,0,0
cross_right_leg,0,0,0,92,0,0,0,256,253,3,15,0,3,87,0,0,0,0,0,267,307,0,290,192,0,0,0,0
cross_right_leg,0,0,0,91,0,0,0,256,254,5,15,0,1,90,0,0,0,0,0,268,308,1,289,192,0,0,0,0
cross_right_leg,0,0,0,72,0,4,65,30,30,4,20,0,2,188,0,0,0,0,0,268,304,0,270,41,0,0,20,0
cross_right_leg,0,0,0,87,0,3,63,268,271,5,16,0,2,110,0,0,0,0,0,256,302,0,277,139,0,0,0,0
cross_right_leg,0,0,0,73,0,5,72,34,35,5,17,0,1,176,0,0,0,0,0,257,297,288,252,43,0,0,3,0
cross_right_leg,0,0,0,71,0,5,69,272,273,5,19,0,2,171,0,0,0,0,0,259,302,61,276,97,0,0,0,0
cross_right_leg,0,0,0,77,0,5,70,274,273,5,18,0,3,182,0,0,0,1,0,263,301,82,277,104,0,0,20,0
cross_right_leg,0,0,0,75,0,5,61,272,272,6,19,0,3,185,0,0,0,0,0,265,302,281,282,122,0,0,19,0
cross_right_leg,0,0,0,80,0,5,63,268,270,5,20,0,4,184,0,0,0,0,0,269,304,305,287,147,0,0,19,0
cross_right_leg,0,0,0,78,0,5,60,267,269,4,20,0,1,189,0,0,0,0,0,269,304,305,288,154,0,0,19,0
cross_right_leg,0,0,0,87,0,4,61,269,269,6,19,0,3,181,0,0,0,0,0,264,303,305,287,142,0,0,19,0
cross_right_leg,0,0,0,84,0,2,21,265,268,5,19,0,3,149,0,0,0,0,0,270,307,98,289,147,0,0,20,0
cross_right_leg,0,0,0,85,0,4,59,265,263,5,19,0,5,148,0,0,0,0,0,270,306,308,290,158,0,0,20,0
cross_right_leg,0,0,0,92,0,4,64,267,268,6,18,0,4,148,0,0,0,0,0,270,306,101,289,150,0,0,21,0
cross_right_leg,0,0,0,91,0,2,64,267,266,5,19,0,3,152,0,0,0,0,0,270,306,298,288,152,0,0,19,0
cross_right_leg,0,0,0,90,0,3,63,267,266,5,19,0,4,153,0,0,0,2,0,271,306,305,289,155,0,0,20,0
cross_right_leg,0,0,0,91,0,6,64,267,268,6,19,0,3,154,0,0,0,0,0,270,307,309,290,154,0,0,20,0
cross_right_leg,0,0,0,81,0,2,29,264,264,4,20,0,3,146,0,0,0,0,0,0,312,73,293,156,2,0,25,0
cross_right_leg,0,0,0,87,0,3,35,270,269,5,20,0,3,154,17,0,0,0,0,0,309,59,291,163,0,0,20,0
cross_right_leg,0,0,0,71,0,3,63,269,269,7,19,0,3,135,0,0,0,0,0,0,318,316,284,65,0,0,23,0
cross_right_leg,0,0,0,73,0,0,63,277,277,5,19,0,10,253,0,0,0,0,0,0,311,302,249,15,0,0,22,0
cross_right_leg,0,0,0,71,0,3,70,271,270,5,19,0,8,251,25,0,0,0,0,250,290,289,264,89,0,0,15,0
cross_right_leg,0,0,0,74,0,6,71,271,271,5,19,0,7,249,20,0,0,0,0,251,291,288,266,94,0,0,14,0
cross_right_leg,0,0,0,76,0,4,72,272,272,5,21,0,7,253,20,0,0,0,0,252,287,287,265,92,0,0,14,0
cross_right_leg,0,0,0,74,0,3,72,272,275,6,21,0,7,254,24,0,0,0,0,252,287,287,265,85,0,0,15,0
cross_right_leg,0,0,0,74,0,3,73,272,272,6,20,0,8,251,21,0,0,0,0,252,288,287,266,87,0,0,14,0
cross_right_leg,0,0,0,73,0,5,75,278,278,7,20,0,10,247,1,0,0,0,0,0,312,39,162,1,0,0,0,0
cross_right_leg,0,0,0,75,0,6,77,280,281,6,20,0,6,222,0,0,0,0,0,0,314,6,254,79,0,0,0,0
cross_right_leg,0,0,0,74,0,5,75,279,279,6,18,0,8,243,0,0,0,0,0,0,312,0,266,91,0,0,0,0
cross_right_leg,0,0,0,78,0,3,21,250,272,6,20,0,3,189,0,0,0,0,0,0,0,0,283,185,0,0,0,0
cross_right_leg,0,0,0,83,0,3,26,279,279,6,21,0,8,244,0,0,0,0,0,244,276,14,239,47,0,0,9,0
